<?xml version="1.0"?>
<!--
/**
 * Magento
 *
 * NOTICE OF LICENSE
 *
 * This source file is subject to the Academic Free License (AFL 3.0)
 * that is bundled with this package in the file LICENSE_AFL.txt.
 * It is also available through the world-wide-web at this URL:
 * http://opensource.org/licenses/afl-3.0.php
 * If you did not receive a copy of the license and are unable to
 * obtain it through the world-wide-web, please send an email
 * to license@magento.com so we can send you a copy immediately.
 *
 * DISCLAIMER
 *
 * Do not edit or add to this file if you wish to upgrade Magento to newer
 * versions in the future. If you wish to customize Magento for your
 * needs please refer to http://www.magento.com for more information.
 *
 * @category    Mage
 * @package     Mage_Paygate
 * @copyright   Copyright (c) 2006-2017 X.commerce, Inc. and affiliates (http://www.magento.com)
 * @license     http://opensource.org/licenses/afl-3.0.php  Academic Free License (AFL 3.0)
 */
-->
<config>
   <sections>
        <payment>
            <groups>
                <authorizenet translate="label" module="paygate">
                    <label>Authorize.net</label>
                    <frontend_type>text</frontend_type>
                    <sort_order>34</sort_order>
                    <show_in_default>1</show_in_default>
                    <show_in_website>1</show_in_website>
                    <show_in_store>1</show_in_store>
                    <comment><![CDATA[<a href="http://celinks.magento.com/authorize_netRegistration" target="_blank">Click here to sign up for an Authorize.net account</a>]]></comment>
                    <fields>
                        <active translate="label">
                            <label>Enabled</label>
                            <frontend_type>select</frontend_type>
                            <source_model>adminhtml/system_config_source_yesno</source_model>
                            <sort_order>1</sort_order>
                            <show_in_default>1</show_in_default>
                            <show_in_website>1</show_in_website>
                            <show_in_store>0</show_in_store>
                        </active>
                        <cctypes translate="label">
                            <label>Credit Card Types</label>
                            <frontend_type>multiselect</frontend_type>
                            <source_model>paygate/authorizenet_source_cctype</source_model>
                            <sort_order>65</sort_order>
                            <show_in_default>1</show_in_default>
                            <show_in_website>1</show_in_website>
                            <show_in_store>0</show_in_store>
                        </cctypes>
                        <useccv translate="label">
                            <label>Credit Card Verification</label>
                            <frontend_type>select</frontend_type>
                            <source_model>adminhtml/system_config_source_yesno</source_model>
                            <sort_order>75</sort_order>
                            <show_in_default>1</show_in_default>
                            <show_in_website>1</show_in_website>
                            <show_in_store>0</show_in_store>
                        </useccv>
                        <email_customer translate="label">
                            <label>Email Customer</label>
                            <frontend_type>select</frontend_type>
                            <source_model>adminhtml/system_config_source_yesno</source_model>
                            <sort_order>60</sort_order>
                            <show_in_default>1</show_in_default>
                            <show_in_website>1</show_in_website>
                            <show_in_store>0</show_in_store>
                        </email_customer>
                        <login translate="label">
                            <label>API Login ID</label>
                            <frontend_type>obscure</frontend_type>
                            <backend_model>adminhtml/system_config_backend_encrypted</backend_model>
                            <sort_order>10</sort_order>
                            <show_in_default>1</show_in_default>
                            <show_in_website>1</show_in_website>
                            <show_in_store>0</show_in_store>
                        </login>
                        <merchant_email translate="label">
                            <label>Merchant's Email</label>
                            <frontend_type>text</frontend_type>
                            <validate>validate-email</validate>
                            <sort_order>15</sort_order>
                            <show_in_default>1</show_in_default>
                            <show_in_website>1</show_in_website>
                            <show_in_store>0</show_in_store>
                        </merchant_email>
                        <order_status translate="label">
                            <label>New Order Status</label>
                            <frontend_type>select</frontend_type>
                            <source_model>adminhtml/system_config_source_order_status_processing</source_model>
                            <sort_order>40</sort_order>
                            <show_in_default>1</show_in_default>
                            <show_in_website>1</show_in_website>
                            <show_in_store>0</show_in_store>
                        </order_status>
                        <sort_order translate="label">
                            <label>Sort Order</label>
                            <frontend_type>text</frontend_type>
                            <sort_order>95</sort_order>
                            <show_in_default>1</show_in_default>
                            <show_in_website>1</show_in_website>
                            <show_in_store>0</show_in_store>
                        </sort_order>
                        <test translate="label">
                            <label>Test Mode</label>
                            <frontend_type>select</frontend_type>
                            <source_model>adminhtml/system_config_source_yesno</source_model>
                            <sort_order>45</sort_order>
                            <show_in_default>1</show_in_default>
                            <show_in_website>1</show_in_website>
                            <show_in_store>0</show_in_store>
                        </test>
                        <debug translate="label">
                            <label>Debug</label>
                            <frontend_type>select</frontend_type>
                            <source_model>adminhtml/system_config_source_yesno</source_model>
                            <sort_order>50</sort_order>
                            <show_in_default>1</show_in_default>
                            <show_in_website>1</show_in_website>
                            <show_in_store>0</show_in_store>
                        </debug>
                        <title translate="label">
                            <label>Title</label>
                            <frontend_type>text</frontend_type>
                            <sort_order>20</sort_order>
                            <show_in_default>1</show_in_default>
                            <show_in_website>1</show_in_website>
                            <show_in_store>1</show_in_store>
                        </title>
                        <trans_key translate="label">
                            <label>Transaction Key</label>
                            <frontend_type>obscure</frontend_type>
                            <backend_model>adminhtml/system_config_backend_encrypted</backend_model>
                            <sort_order>25</sort_order>
                            <show_in_default>1</show_in_default>
                            <show_in_website>1</show_in_website>
                            <show_in_store>0</show_in_store>
                        </trans_key>
                        <payment_action translate="label">
                            <label>Payment Action</label>
                            <frontend_type>select</frontend_type>
                            <source_model>paygate/authorizenet_source_paymentAction</source_model>
                            <sort_order>5</sort_order>
                            <show_in_default>1</show_in_default>
                            <show_in_website>1</show_in_website>
                            <show_in_store>0</show_in_store>
                        </payment_action>
                        <cgi_url>
                            <label>Gateway URL</label>
                            <frontend_type>text</frontend_type>
                            <sort_order>30</sort_order>
                            <show_in_default>1</show_in_default>
                            <show_in_website>1</show_in_website>
                            <show_in_store>0</show_in_store>
                        </cgi_url>
                        <cgi_url_td>
                            <label>Payment Update URL</label>
                            <frontend_type>text</frontend_type>
                            <sort_order>35</sort_order>
                            <show_in_default>1</show_in_default>
                            <show_in_website>1</show_in_website>
                            <show_in_store>0</show_in_store>
                        </cgi_url_td>
                        <currency translate="label">
                            <label>Accepted Currency</label>
                            <frontend_type>select</frontend_type>
                            <source_model>adminhtml/system_config_source_currency</source_model>
                            <sort_order>55</sort_order>
                            <show_in_default>1</show_in_default>
                            <show_in_website>1</show_in_website>
                            <show_in_store>0</show_in_store>
                        </currency>
                        <allowspecific translate="label">
                            <label>Payment from Applicable Countries</label>
                            <frontend_type>allowspecific</frontend_type>
                            <sort_order>70</sort_order>
                            <source_model>adminhtml/system_config_source_payment_allspecificcountries</source_model>
                            <show_in_default>1</show_in_default>
                            <show_in_website>1</show_in_website>
                            <show_in_store>0</show_in_store>
                        </allowspecific>
                        <specificcountry translate="label">
                            <label>Payment from Specific Countries</label>
                            <frontend_type>multiselect</frontend_type>
                            <sort_order>80</sort_order>
                            <source_model>adminhtml/system_config_source_country</source_model>
                            <show_in_default>1</show_in_default>
                            <show_in_website>1</show_in_website>
                            <show_in_store>0</show_in_store>
                        </specificcountry>
                        <min_order_total translate="label">
                            <label>Minimum Order Total</label>
                            <frontend_type>text</frontend_type>
                            <sort_order>85</sort_order>
                            <show_in_default>1</show_in_default>
                            <show_in_website>1</show_in_website>
                            <show_in_store>0</show_in_store>
                        </min_order_total>
                        <max_order_total translate="label">
                            <label>Maximum Order Total</label>
                            <frontend_type>text</frontend_type>
                            <sort_order>90</sort_order>
                            <show_in_default>1</show_in_default>
                            <show_in_website>1</show_in_website>
                            <show_in_store>0</show_in_store>
                        </max_order_total>
                        <allow_partial_authorization translate="label">
                            <label>Allow Partial Authorization</label>
                            <frontend_type>select</frontend_type>
                            <source_model>adminhtml/system_config_source_yesno</source_model>
                            <sort_order>100</sort_order>
                            <show_in_default>1</show_in_default>
                            <show_in_website>1</show_in_website>
                            <show_in_store>0</show_in_store>
                        </allow_partial_authorization>
                        <heading_3dsecure translate="label">
                            <label>3D Secure</label>
                            <frontend_model>adminhtml/system_config_form_field_heading</frontend_model>
                            <sort_order>105</sort_order>
                            <show_in_default>1</show_in_default>
                            <show_in_website>1</show_in_website>
                        </heading_3dsecure>
                        <centinel translate="label">
                            <label>3D Secure Card Validation</label>
                            <frontend_type>select</frontend_type>
                            <source_model>adminhtml/system_config_source_yesno</source_model>
                            <sort_order>125</sort_order>
                            <show_in_default>1</show_in_default>
                            <show_in_website>1</show_in_website>
                        </centinel>
                        <centinel_is_mode_strict translate="label comment">
                            <label>Severe 3D Secure Card Validation</label>
                            <comment>Severe Validation Removes Chargeback Liability on Merchant</comment>
                            <frontend_type>select</frontend_type>
                            <source_model>adminhtml/system_config_source_yesno</source_model>
                            <sort_order>130</sort_order>
                            <show_in_default>1</show_in_default>
                            <show_in_website>1</show_in_website>
                            <depends><centinel>1</centinel></depends>
                        </centinel_is_mode_strict>
                        <centinel_api_url translate="label comment">
                            <label>Centinel API URL</label>
                            <comment>If empty, a default value will be used. Custom URL may be provided by CardinalCommerce agreement.</comment>
                            <frontend_type>text</frontend_type>
                            <source_model>adminhtml/system_config_source_yesno</source_model>
                            <sort_order>135</sort_order>
                            <show_in_default>1</show_in_default>
                            <show_in_website>1</show_in_website>
                            <depends><centinel>1</centinel></depends>
                        </centinel_api_url>
                        <model>
                        </model>
                    </fields>
                </authorizenet>
            </groups>
        </payment>
    </sections>
</config>
