<?xml version="1.0"?>
<!--
/**
 * Magento
 *
 * NOTICE OF LICENSE
 *
 * This source file is subject to the Academic Free License (AFL 3.0)
 * that is bundled with this package in the file LICENSE_AFL.txt.
 * It is also available through the world-wide-web at this URL:
 * http://opensource.org/licenses/afl-3.0.php
 * If you did not receive a copy of the license and are unable to
 * obtain it through the world-wide-web, please send an email
 * to license@magento.com so we can send you a copy immediately.
 *
 * DISCLAIMER
 *
 * Do not edit or add to this file if you wish to upgrade Magento to newer
 * versions in the future. If you wish to customize Magento for your
 * needs please refer to http://www.magento.com for more information.
 *
 * @category    Mage
 * @package     Mage_ImportExport
 * @copyright   Copyright (c) 2006-2017 X.commerce, Inc. and affiliates (http://www.magento.com)
 * @license     http://opensource.org/licenses/afl-3.0.php  Academic Free License (AFL 3.0)
 */
-->
<config>
    <sections>
        <system>
            <groups>
                <export_csv translate="label">
                    <label>Escape CSV fields</label>
                    <show_in_default>1</show_in_default>
                    <show_in_website>1</show_in_website>
                    <show_in_store>1</show_in_store>
                    <sort_order>500</sort_order>
                    <fields>
                        <escaping translate="label">
                            <label>Escape CSV fields</label>
                            <frontend_type>select</frontend_type>
                            <source_model>adminhtml/system_config_source_yesno</source_model>
                            <sort_order>1</sort_order>
                            <show_in_default>1</show_in_default>
                            <show_in_website>0</show_in_website>
                            <show_in_store>0</show_in_store>
                            <comment>Disabling this setting can increase security risk.</comment>
                        </escaping>
                    </fields>
                </export_csv>
                <import_csv translate="label">
                    <label>Import CSV</label>
                    <show_in_default>1</show_in_default>
                    <show_in_website>1</show_in_website>
                    <show_in_store>1</show_in_store>
                    <sort_order>500</sort_order>
                    <fields>
                        <configurable_page_size translate="label,comment">
                            <label>Page size for import configurable products</label>
                            <frontend_type>text</frontend_type>
                            <validate>validate-number</validate>
                            <sort_order>1</sort_order>
                            <show_in_default>1</show_in_default>
                            <show_in_website>0</show_in_website>
                            <show_in_store>0</show_in_store>
                            <comment>This option will be ignore if it set less than 1.</comment>
                        </configurable_page_size>
                    </fields>
                </import_csv>
            </groups>
        </system>
    </sections>
</config>
